name,Price,kms_driven,fuel_type
Hyundai Santro Xing,80000,45000,Petrol
Mahindra Jeep CL550,425000,40,Diesel
Hyundai Grand i10,325000,28000,Petrol
Ford EcoSport Titanium,575000,36000,Diesel
Ford Figo,175000,41000,Diesel
Hyundai Eon,190000,25000,Petrol
Ford EcoSport Ambiente,830000,24530,Diesel
Maruti Suzuki Alto,250000,60000,Petrol
Skoda Fabia Classic,182000,60000,Petrol
Maruti Suzuki Stingray,315000,30000,Petrol
Hyundai Elite i20,415000,32000,Petrol
Mahindra Scorpio SLE,320000,48660,Diesel
Hyundai Santro Xing,80000,45000,Petrol
Mahindra Jeep CL550,425000,40,Diesel
Audi A8,1000000,4000,Petrol
Audi Q7,500000,16934,Diesel
Mahindra Scorpio S10,350000,43000,Diesel
Maruti Suzuki Alto,160000,35550,Petrol
Mahindra Scorpio S10,350000,43000,Diesel
Mahindra Scorpio S10,310000,39522,Diesel
Maruti Suzuki Alto,75000,39000,Petrol
Hyundai i20 Sportz,100000,55000,Petrol
Hyundai i20 Sportz,100000,55000,Petrol
Hyundai i20 Sportz,100000,55000,Petrol
Maruti Suzuki Alto,190000,72000,Petrol
Maruti Suzuki Vitara,290000,15975,Diesel
Maruti Suzuki Alto,95000,70000,Petrol
Mahindra Bolero DI,180000,23452,Diesel
Maruti Suzuki Swift,385000,35522,Diesel
Mahindra Scorpio S10,250000,48508,Diesel
Maruti Suzuki Swift,180000,15487,Petrol
Maruti Suzuki Wagon,105000,39000,Petrol
Maruti Suzuki Wagon,105000,39000,Petrol
Toyota Innova 2.0,650000,82000,Diesel
Renault Lodgy 85,689999,20000,Diesel
Skoda Yeti Ambition,448000,68000,Diesel
Maruti Suzuki Baleno,549000,32000,Diesel
Renault Duster 110,501000,38000,Diesel
Renault Duster 85,489999,27000,Diesel
Honda City 1.5,280000,33000,Petrol
Maruti Suzuki Alto,250000,60000,Petrol
Maruti Suzuki Dzire,349999,46000,Diesel
Honda Amaze,284999,46000,Diesel
Honda Amaze 1.5,345000,36000,Diesel
Honda City,499999,55000,Petrol
Datsun Redi GO,235000,16000,Petrol
Maruti Suzuki SX4,249999,36000,Petrol
Mitsubishi Pajero Sport,1475000,47000,Diesel
Mahindra Bolero DI,180000,23452,Diesel
Maruti Suzuki Swift,385000,35522,Diesel
Mahindra Scorpio S10,250000,48508,Diesel
Maruti Suzuki Swift,180000,15487,Petrol
Maruti Suzuki Wagon,105000,39000,Petrol
Maruti Suzuki Wagon,105000,39000,Petrol
Mahindra Scorpio S10,395000,35000,Diesel
Maruti Suzuki Swift,220000,30874,Petrol
Honda City ZX,170000,15000,Diesel
Maruti Suzuki Wagon,85000,29685,Petrol
Ford Figo,175000,41000,Diesel
Hyundai Eon,190000,25000,Petrol
Tata Indigo eCS,200000,130000,Diesel
Ford EcoSport Ambiente,830000,24530,Diesel
Tata Indigo eCS,200000,130000,Diesel
Mahindra Scorpio SLE,570000,19000,Diesel
Volkswagen Polo Highline,315000,60000,Petrol
Skoda Fabia Classic,182000,60000,Petrol
Maruti Suzuki Stingray,315000,30000,Petrol
Chevrolet Spark LS,110000,41000,Petrol
Renault Duster 110PS,501000,35000,Diesel
Honda City,448999,54000,Petrol
Mini Cooper S,1891111,13000,Petrol
Datsun Redi GO,235000,16000,Petrol
Skoda Fabia 1.2L,159500,38200,Diesel
Honda Amaze,344999,22000,Petrol
Honda Amaze,344999,22000,Petrol
Renault Duster,449999,50000,Diesel
Mini Cooper S,1891111,13500,Petrol
Mahindra Scorpio S4,865000,30000,Diesel
Mahindra Scorpio VLX,699000,50000,Diesel
Mahindra Quanto C8,375000,20000,Diesel
Ford EcoSport,489999,39000,Petrol
Honda Brio,224999,30000,Petrol
Volkswagen Vento Highline,1200000,3600,Diesel
Hyundai i20 Magna,195000,32000,Petrol
Toyota Corolla Altis,351000,38000,Diesel
Hyundai Verna Transform,160000,45000,Petrol
Toyota Corolla Altis,240000,35000,Petrol
Honda City 1.5,90000,50000,Petrol
Hyundai Elite i20,415000,32000,Petrol
Skoda Fabia 1.2L,155000,45863,Diesel
BMW 3 Series,600000,60500,Petrol
Maruti Suzuki A,189500,12500,Petrol
Toyota Etios GD,350000,60000,Diesel
Ford Figo Diesel,210000,35000,Diesel
Maruti Suzuki Swift,390000,35000,Petrol
Chevrolet Beat LT,135000,45000,Diesel
BMW 7 Series,1600000,35000,Petrol
Mahindra XUV500 W8,701000,38000,Diesel
Hyundai i10 Magna,265000,18000,Petrol
Hyundai Verna Fluidic,525000,35000,Diesel
Maruti Suzuki Swift,372000,13349,Petrol
Maruti Suzuki Ertiga,635000,29000,Petrol
Ford EcoSport Titanium,550000,44000,Diesel
Maruti Suzuki Ertiga,575000,29000,Petrol
Maruti Suzuki Ertiga,485000,42000,Diesel
Maruti Suzuki Alto,155000,14000,Petrol
Hyundai Grand i10,345000,49000,Diesel
Honda Amaze 1.2,325000,42000,Petrol
Hyundai i20 Asta,329500,36200,Diesel
Ford Figo Diesel,195000,50000,Diesel
Maruti Suzuki Eeco,251111,55000,Petrol
Maruti Suzuki Ertiga,569999,45000,Petrol
Maruti Suzuki Esteem,69999,51000,Petrol
Maruti Suzuki Ritz,299999,19000,Petrol
Maruti Suzuki Dzire,220000,46000,Petrol
Maruti Suzuki Ritz,399999,33000,Diesel
Maruti Suzuki Swift,372000,13349,Petrol
Maruti Suzuki Dzire,450000,104000,Diesel
Toyota Etios Liva,270000,55000,Petrol
Hyundai i20 Sportz,350000,33333,Diesel
Chevrolet Spark,158400,33600,Petrol
Maruti Suzuki Alto,350000,5600,Petrol
Nissan Micra XV,179000,41000,Petrol
Maruti Suzuki Swift,125000,70000,Petrol
Maruti Suzuki Alto,200000,7500,Petrol
Honda Amaze 1.5,299000,45000,Diesel
Maruti Suzuki Alto,220000,38000,Petrol
Chevrolet Beat,150000,30000,Petrol
Honda City 1.5,285000,35000,Petrol
Ford EcoSport Trend,830000,24330,Diesel
Hyundai i20 Asta,210000,65480,Petrol
Maruti Suzuki Swift,340000,41000,Petrol
Tata Indica V2,90000,20000,Petrol
Hindustan Motors Ambassador,70000,200000,Diesel
Toyota Corolla Altis,289999,70000,Petrol
Toyota Corolla Altis,349999,59000,Petrol
Toyota Innova 2.5,849999,99000,Diesel
Volkswagen Jetta Highline,749999,46000,Diesel
Volkswagen Polo Comfortline,399999,2800,Petrol
Volkswagen Polo,274999,32000,Petrol
Mahindra Scorpio,984999,22000,Diesel
Renault Duster,449999,50000,Diesel
Honda Amaze,344999,22000,Petrol
Nissan Sunny,224999,45000,Petrol
Hyundai Elite i20,599999,21000,Petrol
Renault Kwid,244999,11000,Petrol
Renault Duster,399999,41000,Diesel
Ford EcoSport,489999,39000,Petrol
Renault Duster,474999,50000,Diesel
Mahindra Scorpio VLX,499999,66000,Diesel
Maruti Suzuki Alto,310000,3000,Petrol
Chevrolet Spark LT,85000,45000,Petrol
Datsun Redi GO,245000,7000,Petrol
Maruti Suzuki Swift,189500,38500,Diesel
Fiat Punto Emotion,169500,37200,Diesel
Maruti Suzuki Swift,159500,43200,Diesel
Toyota Etios GD,275000,24800,Petrol
Hyundai i20 Sportz,370000,60000,Diesel
Hyundai i10 Sportz,168000,45872,Petrol
Chevrolet Beat LT,150000,40000,Diesel
Chevrolet Beat LS,145000,45000,Diesel
Chevrolet Beat LT,98500,38000,Diesel
Mahindra Scorpio VLX,699000,50000,Diesel
Tata Indigo CS,85000,11400,Diesel
Toyota Corolla Altis,575000,42000,Petrol
Honda City 1.5,549000,39000,Petrol
Maruti Suzuki Swift,209000,47000,Diesel
Hyundai Eon Era,185000,27000,Petrol
Mahindra Scorpio S10,900000,97200,Diesel
Mahindra XUV500,699999,52000,Diesel
Honda Brio,224999,30000,Petrol
Ford Fiesta,274999,55000,Diesel
Honda Amaze,284999,46000,Diesel
Honda City,599999,30000,Diesel
Maruti Suzuki Wagon,199999,44000,Petrol
Honda City,544999,45000,Diesel
Hyundai i20,199000,31000,Petrol
Tata Indigo eCS,320000,175430,Diesel
Hyundai Fluidic Verna,540000,38000,Diesel
Mahindra Quanto C8,340000,37000,Diesel
Fiat Petra ELX,75000,65000,Petrol
Skoda Fabia 1.2L,159500,38200,Diesel
Mini Cooper S,1891111,13000,Petrol
Hyundai Santro Xing,49000,7500,Petrol
Maruti Suzuki Ciaz,700000,3350,Petrol
Maruti Suzuki Zen,55000,60000,Petrol
Honda City,448999,54000,Petrol
Hyundai Creta 1.6,895000,32000,Petrol
Mahindra Scorpio SLX,355000,75000,Diesel
Mahindra Scorpio SLE,565000,62000,Diesel
Toyota Innova 2.5,365000,73000,Diesel
Maruti Suzuki Alto,145000,41000,Petrol
Maruti Suzuki Wagon,210000,35000,Petrol
Tata Nano Cx,40000,2200,Petrol
Maruti Suzuki Alto,125000,39000,Petrol
Maruti Suzuki Wagon,135000,45000,Petrol
Maruti Suzuki Swift,135000,45000,Petrol
Tata Sumo Victa,285000,65000,Diesel
Maruti Suzuki Wagon,145000,54870,Petrol
Maruti Suzuki Alto,135000,34580,Petrol
Volkswagen Passat Diesel,450000,97000,Diesel
Renault Scala RxL,375000,25000,Diesel
Mahindra Quanto C8,375000,20000,Diesel
Hyundai Grand i10,365000,20000,Petrol
Hyundai i20 Active,500000,18000,Petrol
Mahindra Xylo E4,400000,35000,Diesel
Mahindra Jeep MM,390000,60,Diesel
Renault Duster 110PS,501000,35000,Diesel
Mahindra Bolero SLE,330000,80200,Diesel
Force Motors Force,580000,3200,Diesel
Maruti Suzuki SX4,265000,46000,Diesel
Mahindra Jeep CL550,379000,0,Diesel
Maruti Suzuki Alto,219000,5000,Petrol
Mahindra Jeep CL550,385000,588,Diesel
Toyota Etios,275000,36000,Diesel
Volkswagen Polo,330000,38000,Diesel
Honda City ZX,110000,45000,Petrol
Maruti Suzuki Wagon,80000,71200,Petrol
Honda City VX,519000,52000,Diesel
Mahindra Thar CRDe,730000,29000,Diesel
Mitsubishi Pajero Sport,1475000,47000,Diesel
Audi A4 1.8,699000,47000,Petrol
Mercedes Benz GLA,2000000,20000,Diesel
Land Rover Freelander,2100000,30000,Diesel
Renault Kwid RXT,340000,5000,Petrol
Tata Aria Pleasure,390000,35000,Diesel
Mercedes Benz B,1400000,31000,Petrol
Datsun GO T,245000,7000,Petrol
Tata Indigo eCS,320000,175430,Diesel
Tata Indigo eCS,320000,175400,Diesel
Honda Jazz VX,450000,41000,Petrol
Honda Amaze 1.2,311000,33000,Petrol
Honda Amaze,284999,46000,Diesel
Honda City,399999,45000,Petrol
Honda City,599999,39000,Diesel
Honda Amaze,344999,22000,Petrol
Audi A4 1.8,699000,47000,Petrol
Force Motors Force,580000,3200,Diesel
Mahindra Scorpio S4,855000,30000,Diesel
Hyundai i20 Active,535000,37000,Diesel
Mini Cooper S,1891111,13000,Petrol
Maruti Suzuki Ciaz,699000,14000,Petrol
Chevrolet Tavera Neo,375000,55000,Diesel
Honda Amaze,284999,46000,Diesel
Hyundai Eon Sportz,178000,30000,Petrol
Tata Sumo Gold,300000,50000,Diesel
Maruti Suzuki Wagon,90000,45000,Petrol
Maruti Suzuki Esteem,95000,45000,Petrol
Maruti Suzuki Eeco,255000,9300,Petrol
Chevrolet Enjoy 1.4,245000,55000,Diesel
Hyundai i20 Asta,329500,36200,Diesel
Ford Figo Diesel,195000,50000,Diesel
Maruti Suzuki Eeco,251111,55000,Petrol
Maruti Suzuki Ertiga,569999,45000,Petrol
Maruti Suzuki Esteem,69999,51000,Petrol
Maruti Suzuki Ritz,299999,19000,Petrol
Maruti Suzuki Dzire,220000,46000,Petrol
Maruti Suzuki Ritz,399999,33000,Diesel
Maruti Suzuki SX4,249999,36000,Petrol
Maruti Suzuki Wagon,289999,22000,Petrol
Mini Cooper S,1891111,13500,Petrol
Nissan Terrano XL,499999,60000,Diesel
Renault Duster 85,489999,27000,Diesel
Renault Duster 85,489999,59000,Diesel
Renault Duster 85,549999,19000,Diesel
Maruti Suzuki Dzire,380000,30000,Petrol
Renault Kwid RXT,325000,15000,Petrol
Maruti Suzuki Maruti,57000,56758,Petrol
Renault Kwid 1.0,349999,10000,Petrol
Renault Lodgy 85,689999,20000,Diesel
Renault Scala RxL,349999,49000,Diesel
Hyundai Grand i10,410000,41000,Petrol
Maruti Suzuki Swift,225000,45000,Petrol
Chevrolet Beat LS,120000,43000,Petrol
Tata Indigo eCS,320000,175430,Diesel
Hyundai Santro Xing,59000,56450,Petrol
Hyundai Fluidic Verna,540000,38000,Diesel
Chevrolet Beat LS,80000,56000,Petrol
Mahindra Quanto C8,340000,37000,Diesel
Fiat Petra ELX,75000,65000,Petrol
Chevrolet Beat LS,220000,32700,Petrol
Skoda Fabia 1.2L,159500,38200,Diesel
Ford EcoSport Titanium,599000,30000,Diesel
Hyundai Accent GLX,80000,56000,Petrol
Mahindra TUV300 T4,675000,9000,Diesel
Mini Cooper S,1891111,13000,Petrol
Mini Cooper S,1891111,13000,Petrol
Tata Indica V2,150000,11000,Petrol
Mini Cooper S,1891111,13000,Petrol
Tata Indigo CS,72500,46000,Diesel
Maruti Suzuki Swift,610000,73,Petrol
Mahindra Scorpio VLX,230000,160000,Diesel
Honda Accord,175000,58559,Petrol
Mahindra Scorpio S4,855000,30000,Diesel
Chevrolet Tavera Neo,375000,55000,Diesel
Ford EcoSport Titanium,520000,57000,Diesel
Maruti Suzuki Ertiga,524999,50000,Diesel
Honda Amaze,299999,37000,Petrol
Maruti Suzuki Dzire,299999,40000,Petrol
Honda City,284999,55000,Petrol
Mahindra Scorpio 2.6,220000,170000,Diesel
Maruti Suzuki Dzire,424999,55000,Diesel
Honda City,644999,39000,Petrol
Honda Mobilio,399999,44000,Petrol
Toyota Corolla Altis,199999,65000,Petrol
Honda City,584999,39000,Petrol
Skoda Laura,349999,44000,Diesel
Renault Duster,449999,49000,Diesel
Maruti Suzuki Ertiga,799999,9000,Diesel
Maruti Suzuki Dzire,444999,45000,Diesel
Mahindra XUV500,649999,47000,Diesel
Hyundai Verna Fluidic,444999,40000,Diesel
Maruti Suzuki Vitara,689999,29000,Diesel
Maruti Suzuki Wagon,344999,15000,Petrol
Mahindra Scorpio,944999,45000,Diesel
Honda Amaze,274999,35000,Petrol
Mahindra XUV500,689999,80000,Diesel
Mahindra Scorpio,574999,68000,Diesel
Skoda Laura,374999,50000,Diesel
Volkswagen Polo,199999,60000,Diesel
Hyundai Elite i20,549999,9000,Petrol
Tata Manza Aura,130000,72000,Diesel
Chevrolet Sail UVA,210000,60000,Petrol
Renault Duster 110,501000,38000,Diesel
Hyundai Verna Fluidic,401000,45000,Diesel
Audi A4 2.0,1350000,40000,Diesel
Hyundai Elantra SX,600000,20000,Petrol
Mahindra Scorpio VLX,610000,35000,Diesel
Mahindra KUV100 K8,400000,20000,Diesel
Renault Scala RxL,375000,25000,Diesel
Mahindra Quanto C8,375000,20000,Diesel
Hyundai Grand i10,365000,20000,Petrol
Hyundai i20 Active,500000,18000,Petrol
Mahindra Xylo E4,400000,35000,Diesel
Hyundai Grand i10,524999,6821,Petrol
Hyundai i20,449999,23000,Petrol
Hyundai Eon,174999,14000,Petrol
Hyundai i10,244999,38000,Petrol
Hyundai i20 Active,574999,35000,Diesel
Datsun Redi GO,244999,22000,Petrol
Toyota Etios Liva,239999,41000,Petrol
Hyundai Accent,99999,45000,Petrol
Hyundai Verna,489999,44000,Diesel
Maruti Suzuki Swift,324999,45000,Diesel
Toyota Fortuner,1074999,52000,Diesel
Hyundai i10 Sportz,230000,34000,Petrol
Mahindra Bolero Power,699000,1800,Diesel
Mahindra XUV500,1000000,15000,Diesel
Honda City 1.5,240000,400000,Petrol
Chevrolet Spark LT,110000,44000,Petrol
Mahindra Jeep MM,390000,60,Diesel
Renault Duster 110PS,501000,35000,Diesel
Mahindra XUV500,1130000,72000,Diesel
Tata Indigo eCS,250000,40000,Diesel
Mahindra Bolero SLE,330000,80200,Diesel
Force Motors Force,580000,3200,Diesel
Skoda Rapid Elegance,340000,48000,Diesel
Tata Vista Quadrajet,120000,90000,Diesel
Maruti Suzuki Alto,265000,12000,Petrol
Maruti Suzuki SX4,265000,46000,Diesel
Maruti Suzuki Zen,85000,69900,Petrol
Mahindra Jeep CL550,379000,0,Diesel
Hyundai i10 Magna,175000,45000,Petrol
Maruti Suzuki Alto,219000,5000,Petrol
Maruti Suzuki Swift,350000,166000,Diesel
Honda City ZX,149000,42000,Petrol
Mahindra Jeep CL550,385000,588,Diesel
Mahindra Jeep MM,425000,122,Diesel
Chevrolet Beat Diesel,150000,62000,Diesel
Honda City 1.5,225000,70000,Petrol
Hyundai Verna 1.4,375000,36000,Petrol
Toyota Innova 2.5,770000,0,Diesel
Maruti Suzuki Maruti,30000,55000,Petrol
Toyota Etios,275000,36000,Diesel
Volkswagen Polo,330000,38000,Diesel
Maruti Suzuki Swift,335000,55000,Diesel
Hyundai Elite i20,450000,20000,Diesel
Maruti Suzuki Swift,225000,40000,Petrol
Maruti Suzuki Versa,80000,50000,Petrol
Tata Indigo LX,130000,104000,Diesel
Volkswagen Vento Konekt,245000,65000,Diesel
Mercedes Benz C,399000,41000,Petrol
Maruti Suzuki Ertiga,450000,90000,Diesel
Honda City,65000,80000,Petrol
Hyundai Santro Xing,75000,46000,Petrol
Maruti Suzuki Omni,70000,70000,Petrol
Hyundai Sonata Transform,190000,36469,Diesel
Hyundai Elite i20,600000,7800,Petrol
Volkswagen Vento Konekt,245000,65000,Diesel
Maruti Suzuki Alto,240000,60000,Petrol
Maruti Suzuki Alto,155000,32000,Petrol
Honda Jazz S,169999,24695,Petrol
Hyundai Grand i10,450000,15141,Petrol
Maruti Suzuki Zen,40000,40000,Petrol
Mahindra Scorpio W,165000,65000,Diesel
Maruti Suzuki Alto,270000,22000,Petrol
Hyundai Grand i10,280000,59910,Diesel
Mahindra XUV500 W8,560000,100000,Diesel
Hyundai Creta 1.6,950000,25000,Petrol
Hyundai i20 Magna,310000,35000,Petrol
Renault Duster 85,715000,65000,Diesel
Hyundai Grand i10,340000,35000,Petrol
Honda Brio V,235000,33000,Petrol
Mahindra TUV300 T4,610000,68000,Diesel
Chevrolet Spark LS,95000,23000,Petrol
Mahindra TUV300 T8,1000000,4500,Diesel
Maruti Suzuki Swift,220000,129000,Diesel
Nissan X Trail,1200000,300,Diesel
Maruti Suzuki Alto,230000,5000,Petrol
Ford Ikon 1.3,45000,65000,Petrol
Toyota Fortuner 3.0,940000,131000,Diesel
Tata Manza ELAN,155555,111111,Petrol
Mercedes Benz A,1500000,14000,Petrol
Chevrolet Beat LS,210000,22000,Diesel
Ford EcoSport Trend,495000,38000,Diesel
Tata Indigo LS,125000,70000,Diesel
Hyundai i20 Magna,195000,36000,Petrol
Volkswagen Vento Highline,550000,34000,Diesel
Renault Kwid RXT,270000,43000,Petrol
Ford EcoSport Titanium,500000,40000,Diesel
Honda Amaze 1.5,240000,160000,Diesel
Hyundai Verna 1.6,800000,12000,Petrol
BMW 5 Series,1299000,49000,Diesel
Skoda Superb 1.8,530000,68000,Petrol
Audi Q3 2.0,1499000,37000,Diesel
Mahindra Bolero DI,220000,59466,Diesel
Mahindra Scorpio S10,900000,97200,Diesel
Ford Figo Duratorq,250000,99000,Diesel
Maruti Suzuki Wagon,395000,25500,Petrol
Mahindra Logan Diesel,130000,66000,Petrol
Tata Nano GenX,32000,44005,Petrol
Mahindra TUV300 T4,540000,35000,Diesel
Mahindra TUV300 T4,540000,35000,Diesel
Hyundai Elite i20,405000,28000,Petrol
Hyundai Elite i20,400000,30000,Petrol
Honda City SV,760000,4000,Petrol
Maruti Suzuki Baleno,500000,28000,Petrol
Ford Figo Petrol,175000,75000,Petrol
Mahindra Scorpio S10,900000,97200,Diesel
Honda City,750000,3000,Petrol
Hyundai Elite i20,419000,20000,Petrol
Maruti Suzuki Versa,90000,50000,Petrol
Hyundai Eon Era,140000,2110,Petrol
Mitsubishi Pajero Sport,1540000,43222,Petrol
Hyundai i10 Magna,275000,100200,Petrol
Toyota Corolla H2,150000,100000,Petrol
Maruti Suzuki Swift,230000,65,Petrol
Tata Indigo CS,123000,100000,Diesel
Mahindra Scorpio S10,900000,97200,Diesel
Mahindra Scorpio S10,900000,97200,Diesel
Hyundai Xcent Base,300000,140000,Diesel
Honda City,499999,55000,Petrol
Hyundai Accent Executive,165000,48000,Petrol
Maruti Suzuki Baleno,498000,22000,Petrol
Tata Zest XE,480000,103553,Diesel
Maruti Suzuki Dzire,488000,80000,Diesel
Tata Sumo Gold,250000,99000,Diesel
Toyota Corolla Altis,220000,58000,Petrol
Maruti Suzuki Eeco,290000,70000,LPG
Toyota Fortuner 3.0,1525000,120000,Diesel
Mahindra XUV500 W6,548900,49800,Diesel
Tata Tigor Revotron,650000,100,Diesel
Maruti Suzuki 800,55000,81876,Petrol
Maruti Suzuki Ertiga,550000,75000,Petrol
Maruti Suzuki Versa,90000,50000,Petrol
Honda Mobilio S,399000,44000,Diesel
Maruti Suzuki Ertiga,730000,55000,Diesel
Maruti Suzuki Vitara,725000,36000,Diesel
Hyundai Verna 1.6,195000,56000,Diesel
Maruti Suzuki Swift,130000,62000,Petrol
Toyota Fortuner 3.0,1525000,120000,Diesel
Maruti Suzuki Omni,190000,6020,Petrol
Honda Amaze,250000,55700,Diesel
Tata Indica,80000,42000,Petrol
Hyundai Santro Xing,120000,50000,Petrol
Maruti Suzuki Zen,149000,35000,Petrol
Maruti Suzuki Wagon,250000,18500,Petrol
Maruti Suzuki Wagon,120000,7000,Petrol
Honda Brio VX,450000,11000,Petrol
Maruti Suzuki Zen,99999,53000,Petrol
Maruti Suzuki Zen,135000,23000,Petrol
Maruti Suzuki Wagon,225000,35500,Diesel
Maruti Suzuki Alto,99000,22134,Petrol
Renault Kwid RXT,370000,1000,Petrol
Tata Nano Lx,52000,9000,Petrol
Jaguar XE XE,2800000,8500,Petrol
Hyundai Eon Magna,190000,35000,Petrol
Honda City 1.5,499000,22000,Petrol
Hindustan Motors Ambassador,90000,25000,Diesel
Maruti Suzuki Ritz,149000,40000,Petrol
Hyundai Grand i10,400000,20000,Petrol
Hyundai Eon D,120000,87000,Petrol
Maruti Suzuki Swift,250000,55000,Petrol
Maruti Suzuki Wagon,375000,23000,Petrol
Honda Amaze 1.2,381000,6000,Petrol
Maruti Suzuki Estilo,180000,65000,Petrol
Maruti Suzuki Vitara,580000,25000,Diesel
Maruti Suzuki Eeco,278000,39000,Petrol
Hyundai Creta 1.6,1000000,8000,Petrol
Mahindra Scorpio Vlx,690000,75000,Diesel
Maruti Suzuki Ertiga,480000,51000,Diesel
Mitsubishi Lancer 1.8,85000,50000,Petrol
Maruti Suzuki Maruti,40000,75000,Petrol
Maruti Suzuki Alto,90000,55800,Petrol
Hyundai Grand i10,340000,53000,Petrol
Hyundai Eon D,260000,25000,Petrol
Ford Fiesta SXi,250000,56400,Petrol
Maruti Suzuki Ritz,180000,72160,Diesel
Hyundai Verna Fluidic,350000,10000,Diesel
Maruti Suzuki Wagon,90001,48000,Petrol
Maruti Suzuki Estilo,115000,36000,Petrol
Audi A6 2.0,1599000,11500,Diesel
Maruti Suzuki Wagon,130000,133000,Petrol
Maruti Suzuki Wagon,159000,27000,Petrol
Maruti Suzuki Wagon,160000,35000,Petrol
Maruti Suzuki Alto,110000,55000,Petrol
Maruti Suzuki Baleno,425000,40000,Petrol
Hyundai Verna 1.6,900000,2000,Petrol
Maruti Suzuki Swift,150000,45000,Petrol
Hyundai Getz Prime,110000,20000,Petrol
Hyundai Santro,51999,88000,Petrol
Hyundai Getz Prime,115000,20000,Petrol
Chevrolet Beat PS,215000,65422,Diesel
Ford EcoSport Trend,580000,10000,Petrol
Maruti Suzuki Dzire,380000,35000,Petrol
Hyundai Fluidic Verna,350000,117000,Diesel
Tata Indica V2,35000,150000,Diesel
BMW X1 xDrive20d,1150000,72000,Diesel
Hyundai i20 Asta,300000,10750,Petrol
Honda City 1.5,269000,55000,Petrol
Tata Nano,60000,6800,Petrol
Chevrolet Cruze LTZ,400000,41000,Diesel
Hyundai Verna Fluidic,430000,73000,Diesel
Maruti Suzuki Swift,140000,65000,Diesel
Mahindra XUV500 W6,8500003,45000,Diesel
Mahindra XUV500 W10,1299000,40000,Diesel
Maruti Suzuki Alto,199000,37000,Petrol
Hyundai Accent GLE,90000,55000,Petrol
Force Motors One,550000,140000,Diesel
Maruti Suzuki Alto,265000,9800,Petrol
Chevrolet Spark 1.0,100000,27000,Petrol
Hyundai i10,215000,27000,Petrol
Toyota Etios Liva,380000,20000,Diesel
Renault Duster 85PS,401919,57923,Diesel
Chevrolet Enjoy,490000,30201,Diesel
Maruti Suzuki Alto,280000,6200,Petrol
BMW 5 Series,650000,37518,Petrol
Toyota Etios Liva,160000,24652,Petrol
Mahindra Jeep MM,424000,383,Diesel
Chevrolet Beat LS,225000,95000,Diesel
Chevrolet Cruze LTZ,350000,35000,Diesel
Jeep Wrangler Unlimited,950000,3528,Diesel
Maruti Suzuki Ertiga,485000,52500,Diesel
Hyundai Verna VGT,205000,47900,Diesel
Maruti Suzuki Omni,160000,14000,Petrol
Maruti Suzuki Celerio,310000,37000,Petrol
Tata Zest Quadrajet,180000,90000,Diesel
Mahindra XUV500 W6,549900,52800,Diesel
Tata Indigo CS,150000,104000,Diesel
Hyundai i10 Era,175000,30000,Petrol
Tata Indigo eCS,95000,195000,Diesel
Tata Indigo LX,230000,104000,Diesel
Tata Indigo eCS,230000,104000,Diesel
Tata Indigo Marina,180000,70000,Diesel
Hyundai Xcent SX,400000,43000,Diesel
Hyundai Eon Magna,185000,23000,Petrol
Renault Duster 85,385000,51000,Diesel
Maruti Suzuki Alto,90000,62000,Petrol
Tata Nano LX,32000,48008,Petrol
Renault Duster 110,435000,39000,Diesel
Maruti Suzuki Wagon,225000,40000,Petrol
Maruti Suzuki Swift,189700,48247,Petrol
Maruti Suzuki Ertiga,389700,39000,Diesel
Maruti Suzuki Swift,365000,23000,Petrol
Maruti Suzuki Alto,360000,9400,Petrol
Hyundai i20 Magna,210000,50000,Petrol
Hyundai i10 Magna,170000,75000,Petrol
Tata Zest XE,380000,70000,Diesel
Mahindra Xylo E8,295000,64000,Diesel
Toyota Corolla Altis,185000,55000,Petrol
Tata Manza Aqua,160000,200000,Diesel
Renault Kwid 1.0,290000,2137,Petrol
Tata Venture EX,100000,30000,Diesel
Maruti Suzuki Swift,315000,44000,Petrol
Skoda Octavia Classic,114990,65000,Diesel
Maruti Suzuki Omni,120000,160000,LPG
Chevrolet Beat Diesel,125000,56000,Diesel
Tata Sumo Gold,210000,75000,Diesel
Hyundai Verna 1.6,855000,42000,Diesel
Tata Sumo Gold,210000,75000,Diesel
Mahindra Scorpio 2.6,260000,56000,Diesel
Maruti Suzuki Zen,95000,10544,Petrol
Maruti Suzuki Swift,255000,64000,Petrol
Mahindra Scorpio SLX,300000,70000,Diesel
Hyundai Grand i10,340000,25000,Petrol
Hyundai Elite i20,550000,15000,Petrol
Ford Ikon 1.6,60000,50000,Petrol
Toyota Innova 2.5,750000,147000,Diesel
Nissan Sunny XL,230000,52000,Petrol
Chevrolet Beat LT,130000,90001,Diesel
Maruti Suzuki Alto,270000,21000,Petrol
Maruti Suzuki Swift,280000,48006,Diesel
Maruti Suzuki Swift,280000,48006,Diesel
Maruti Suzuki Swift,280000,48006,Diesel
Toyota Innova 2.0,600000,80000,Diesel
Maruti Suzuki Swift,190000,74000,Diesel
Hyundai Elite i20,500000,22000,Petrol
Mahindra XUV500 W10,1065000,41000,Diesel
Volkswagen Polo Trendline,350000,25000,Diesel
Toyota Etios Liva,350000,85000,Diesel
Mahindra TUV300 T4,540000,29500,Diesel
Hyundai Elite i20,470000,30000,Petrol
Hyundai Santro Xing,179000,57000,Petrol
Maruti Suzuki Zen,48000,60000,Petrol
Maruti Suzuki Ciaz,650000,50000,Petrol
Hyundai Eon Era,190000,39700,Petrol
Hyundai Elantra 1.8,500000,65000,Petrol
Maruti Suzuki Swift,270000,67000,Diesel
Maruti Suzuki Zen,125000,46000,Petrol
Hyundai Eon Era,188000,38000,Petrol
Hyundai Grand i10,380000,27000,Petrol
Hyundai Verna Fluidic,365000,43000,Diesel
Ford EcoSport Trend,465000,47000,Petrol
Hyundai i20 Magna,240000,42000,Petrol
Chevrolet Beat Diesel,179999,19336,Diesel
Tata Indica eV2,140000,60105,Diesel
Jaguar XF 2.2,2190000,29000,Diesel
Audi Q5 2.0,2390000,34000,Diesel
BMW 3 Series,1075000,35000,Diesel
Maruti Suzuki Swift,475000,22000,Petrol
BMW X1 sDrive20d,1025000,41000,Diesel
Maruti Suzuki S,615000,21000,Diesel
Maruti Suzuki Ertiga,475000,48000,Diesel
Maruti Suzuki Alto,270000,38000,Petrol
Honda City SV,475000,34000,Diesel
Volkswagen Vento Comfortline,240000,45933,Petrol
Honda City 1.5,120000,68000,Petrol
Audi A4 2.0,1900000,44000,Diesel
Mahindra KUV100,360000,35000,Diesel
Tata Zest XE,450000,102563,Diesel
Mahindra XUV500 W8,900000,28600,Diesel
Maruti Suzuki Swift,650000,41800,Diesel
Tata Sumo Gold,275000,116000,Diesel
Maruti Suzuki Swift,210000,59000,Petrol
Mahindra Scorpio 2.6,175000,58000,Diesel
Maruti Suzuki Omni,85000,45000,Petrol
Mitsubishi Pajero Sport,1490000,42590,Diesel
Renault Duster,800000,7400,Diesel
Volkswagen Jetta Comfortline,450000,54500,Diesel
Maruti Suzuki Ertiga,1000000,200000,Diesel
Audi A4 2.0,1510000,27000,Diesel
Volvo S80 Summum,1850000,42000,Diesel
Toyota Corolla Altis,790000,29000,Petrol
Mitsubishi Pajero Sport,1725000,37000,Diesel
Chevrolet Beat LT,135000,36000,Petrol
BMW X1,1000000,34000,Diesel
Datsun Redi GO,299999,7000,Petrol
Mercedes Benz C,1225000,76000,Diesel
Mahindra Scorpio SLX,175000,60000,Diesel
Volkswagen Vento Comfortline,200000,95000,Diesel
Tata Indigo CS,270000,50000,Diesel
Ford Figo Petrol,525000,0,Petrol
Honda City ZX,180000,50000,Petrol
Maruti Suzuki Wagon,140000,68000,Petrol
Ford EcoSport Trend,400000,16000,Petrol
Maruti Suzuki Swift,499000,51000,Diesel
Maruti Suzuki Omni,85000,56000,Petrol
Maruti Suzuki Zen,70000,100000,Petrol
Renault Duster RxL,550000,36000,Petrol
Maruti Suzuki Swift,370000,11523,Petrol
Maruti Suzuki Baleno,690000,1000,Petrol
Honda WR V,250000,60000,Petrol
Tata Indigo CS,110000,85000,Diesel
Renault Duster 110,490000,38600,Diesel
Mahindra Scorpio LX,320000,95500,Diesel
Maruti Suzuki Zen,68000,56000,Petrol
Maruti Suzuki Wagon,130000,37458,Petrol
Maruti Suzuki SX4,970000,85960,Diesel
Audi A3 Cabriolet,3100000,12516,Petrol
Hyundai Eon D,280000,35000,Petrol
Maruti Suzuki Zen,125000,0,Petrol
Mahindra Scorpio SLX,285000,80000,Diesel
Hyundai Santro AE,165000,45000,Petrol
Maruti Suzuki Swift,250000,51000,Diesel
Mahindra Scorpio S4,865000,30000,Diesel
Mahindra Xylo D2,390000,48000,Diesel
Hyundai Santro,60000,51000,Petrol
Chevrolet Beat LT,215000,90000,Diesel
Maruti Suzuki Swift,475000,43000,Diesel
Mahindra XUV500 W8,899000,53000,Diesel
Toyota Fortuner 3.0,1499000,97000,Diesel
Maruti Suzuki Alto,240000,20000,Petrol
Hyundai Getz GLE,99000,55000,Petrol
Maruti Suzuki Swift,260000,120000,Diesel
Hyundai Creta 1.6,1200000,0,Petrol
Hyundai Santro Xing,115000,46000,Petrol
Hyundai Santro Xing,88000,43200,Petrol
Mahindra Xylo D2,390000,56000,Diesel
Hyundai Santro Xing,135000,42000,Petrol
Tata Indica V2,90000,30600,Diesel
Hyundai i10 Sportz,220000,38000,Petrol
Hyundai Grand i10,424999,2550,Petrol
Hyundai Santro Xing,135000,47000,Petrol
Honda City 1.5,95000,41000,Petrol
Nissan Micra XL,430000,62500,Diesel
Honda City 1.5,115000,68000,Petrol
Maruti Suzuki Alto,215000,50000,Petrol
Maruti Suzuki Wagon,53000,69000,Petrol
Maruti Suzuki Ertiga,500000,48000,Diesel
Tata Indica eV2,85000,55000,Diesel
Maruti Suzuki Omni,165000,25000,Petrol
Hyundai Eon Era,200000,28400,Petrol
Hyundai Eon,200000,28000,Petrol
Maruti Suzuki Swift,425000,42000,Diesel
Hyundai Verna 1.6,600000,29000,Diesel
Chevrolet Tavera LS,130000,68485,Diesel
Tata Tiago Revotron,430000,3500,Petrol
Tata Tiago Revotorq,568500,0,Petrol
Maruti Suzuki Zen,71000,32000,Petrol
Mahindra KUV100 K8,560000,8000,Diesel
Ford EcoSport Titanium,590000,34000,Diesel
Hindustan Motors Ambassador,750000,37000,Petrol
Ford Fusion 1.4,125000,85455,Diesel
Hyundai Santro Xing,135000,46000,Petrol
Hyundai Santro,60000,47000,Petrol
Fiat Linea Emotion,120000,64000,Petrol
Ford Ikon 1.3,95000,46000,Petrol
Maruti Suzuki Omni,240000,8000,Petrol
Tata Indica V2,115000,64000,Diesel
Mahindra Scorpio S4,795000,63000,Diesel
Hyundai Santro Xing,55000,65000,Petrol
Mahindra Xylo D2,300000,62000,Diesel
Hyundai Grand i10,320000,41000,Petrol
Maruti Suzuki Alto,265000,14000,Petrol
Toyota Corolla,160000,40000,Petrol
Hyundai Eon Magna,300000,1600,Petrol
Tata Sumo Grande,130000,90000,Diesel
Maruti Suzuki Swift,250000,58000,Diesel
Volkswagen Polo Highline1.2L,380000,27000,Petrol
Maruti Suzuki Alto,42000,60000,Petrol
Tata Tiago Revotron,400000,31000,Petrol
Maruti Suzuki Swift,120000,90000,Diesel
Maruti Suzuki Swift,120000,90000,Diesel
Tata Indigo eCS,130000,150000,Diesel
Chevrolet Beat LS,189000,31000,Diesel
Mahindra Xylo E8,365000,43000,Diesel
Hyundai Eon D,170000,20000,Petrol
Tata Sumo Gold,215000,100000,Petrol
Tata Nano,60000,7000,Petrol
Hyundai Elite i20,599999,31000,Petrol
Hyundai i10 Magna,400000,33000,Petrol
Hyundai Creta,900000,60000,Diesel
Volkswagen Polo,299999,48000,Diesel
Maruti Suzuki Dzire,374999,33000,Petrol
Tata Bolt XM,600000,15000,Petrol
Maruti Suzuki Alto,70000,47000,Petrol
Maruti Suzuki Alto,100000,40000,Petrol
Maruti Suzuki Ritz,150000,38000,Diesel
Maruti Suzuki Alto,225000,12500,Petrol
Maruti Suzuki Dzire,210000,42000,Petrol
Hyundai i20 Asta,425000,31000,Petrol
Maruti Suzuki Swift,162000,60000,Diesel
Tata Indica V2,60000,80000,Diesel
Mahindra Scorpio VLX,650000,77000,Diesel
Toyota Innova 2.5,750000,75000,Diesel
Mahindra Xylo E8,375000,40000,Diesel
Hyundai i20 Magna,230000,47000,Petrol
Maruti Suzuki Omni,35999,60000,Petrol
Mahindra KUV100,380000,26500,Petrol
Mahindra KUV100 K8,560000,2875,Petrol
Datsun Go Plus,285000,13900,Petrol
Ford Endeavor 4x4,2900000,9000,Diesel
Tata Indica V2,39999,80000,Diesel
Hyundai Santro Xing,85000,60000,Petrol
Maruti Suzuki Wagon,395000,20000,Petrol
Maruti Suzuki Swift,175000,58000,Diesel
Maruti Suzuki Alto,400000,1500,Petrol
Toyota Innova 2.5,750000,75000,Diesel
Maruti Suzuki Alto,250000,2450,Petrol
Maruti Suzuki Alto,425000,1625,Petrol
Volkswagen Polo Highline1.2L,525000,45000,Petrol
Mahindra Logan,130000,65000,Diesel
Maruti Suzuki 800,30000,33400,Petrol
Mahindra Scorpio,475000,60123,Diesel
Chevrolet Sail 1.2,300000,28000,Petrol
Hyundai Santro AE,60000,70000,Petrol
Maruti Suzuki Wagon,100000,7000,Petrol
Hyundai Eon,260000,25000,Petrol
Tata Manza,100000,100000,Diesel
Toyota Etios G,265000,42000,Petrol
Hyundai Getz Prime,115000,20000,Petrol
Toyota Qualis,180000,100000,Diesel
Hyundai Santro Xing,45000,137495,Petrol
Tata Indica eV2,50500,91200,Diesel
Honda City 1.5,270000,55000,Petrol
Tata Zest XE,290000,120000,Diesel
Mahindra Quanto C4,325000,63000,Diesel
Tata Indigo eCS,160000,104000,Diesel
Maruti Suzuki Swift,350000,146000,Diesel
Hyundai Elite i20,290000,40000,Petrol
Hyundai i20 Select,290000,40000,Petrol
Chevrolet Tavera Neo,465000,100800,Diesel
Maruti Suzuki Dzire,325000,150000,Diesel
Hyundai Elite i20,510000,2100,Petrol
Honda City VX,860000,95000,Petrol
Maruti Suzuki Dzire,450000,2500,Diesel
Hyundai Getz,125000,80000,Petrol
Mercedes Benz C,500001,15000,Petrol
Maruti Suzuki Alto,95000,65000,Petrol
Maruti Suzuki Swift,250000,51000,Diesel
Skoda Fabia,110000,45000,Petrol
Maruti Suzuki Ritz,270000,50000,Petrol
Tata Indica V2,110000,30000,Diesel
Toyota Corolla Altis,300000,132000,Petrol
Tata Zest XM,260000,27000,Diesel
Mahindra Quanto C8,390000,40000,Diesel
